,Publisher,Frequency,NA_Sales,EU_Sales,JP_Sales,Other_Sales,Global_Sales
0,Electronic Arts,1351,595.069999999998,371.2699999999965,14.039999999999958,129.76999999999947,1110.3199999999915
1,Activision,975,429.6999999999991,215.53000000000037,6.539999999999987,75.34000000000093,727.4599999999983
2,Namco Bandai Games,932,69.5200000000001,42.63000000000004,127.07000000000008,14.689999999999932,254.0900000000008
3,Ubisoft,921,253.43000000000043,163.31999999999968,7.499999999999993,50.25999999999995,474.71999999999935
4,Konami Digital Entertainment,832,92.15999999999998,69.6900000000002,91.3,30.310000000000237,283.639999999998
5,THQ,715,208.7700000000004,94.73000000000019,5.009999999999998,32.140000000000235,340.7699999999994
6,Nintendo,703,816.8700000000001,418.7400000000002,455.4199999999995,95.33000000000038,1786.5599999999981
7,Sony Computer Entertainment,683,265.2199999999993,187.72000000000017,74.10000000000004,80.4500000000002,607.4999999999989
8,Sega,639,109.39999999999996,82.00000000000013,57.030000000000015,24.520000000000124,272.98999999999927
9,Take-Two Interactive,413,220.4900000000005,118.14000000000017,5.829999999999992,55.23999999999992,399.5399999999996
10,Capcom,381,78.59,39.22000000000003,68.08000000000001,14.839999999999955,200.89000000000001
11,Atari,363,110.0399999999999,27.120000000000065,10.709999999999997,9.009999999999964,157.22000000000025
12,Tecmo Koei,338,14.079999999999972,7.079999999999986,29.210000000000004,3.1799999999999886,53.55000000000003
13,Square Enix,233,48.65000000000003,32.82,49.88000000000001,13.889999999999972,145.18000000000026
14,Warner Bros. Interactive Entertainment,232,81.17999999999995,53.120000000000026,1.0400000000000003,18.56000000000007,153.89000000000013
15,Disney Interactive Studios,218,71.34000000000002,34.64000000000003,0.56,13.179999999999971,119.96000000000004
16,Unknown,203,18.490000000000013,7.529999999999987,6.059999999999997,2.479999999999993,34.66000000000005
17,Midway Games,198,45.46000000000004,18.38000000000004,0.12000000000000001,5.73999999999998,69.84999999999994
18,Eidos Interactive,198,49.19000000000002,35.630000000000024,6.109999999999996,8.019999999999984,98.97999999999998
19,505 Games,192,31.830000000000013,16.430000000000007,2.0500000000000003,5.439999999999978,55.91000000000003
20,Microsoft Game Studios,189,155.35000000000008,68.61000000000006,3.2599999999999976,18.560000000000073,245.79000000000005
21,D3Publisher,184,11.519999999999987,5.009999999999994,4.6499999999999835,2.8799999999999906,24.13000000000001
22,Acclaim Entertainment,184,42.74999999999999,16.75000000000002,1.1400000000000001,3.3699999999999903,64.13999999999997
23,Vivendi Games,164,37.0,16.03999999999998,0.22999999999999998,4.879999999999986,58.21000000000002
24,Codemasters,152,11.919999999999991,28.690000000000033,0.8300000000000003,6.299999999999987,47.870000000000026
25,Idea Factory,129,0.53,0.05,3.319999999999995,0.09999999999999998,4.019999999999992
26,Deep Silver,122,12.729999999999986,8.95999999999999,1.0900000000000003,2.8799999999999915,25.670000000000005
27,Nippon Ichi Software,105,5.219999999999995,1.9300000000000008,5.8699999999999966,1.3500000000000005,14.279999999999989
28,Zoo Digital Publishing,104,9.519999999999982,2.4499999999999966,0.13999999999999999,0.7800000000000004,12.86999999999999
29,Majesco Entertainment,92,12.079999999999993,2.909999999999997,0.02,0.9600000000000004,16.08
30,LucasArts,90,49.97,26.630000000000013,0.20000000000000004,10.499999999999988,87.34000000000003
31,Rising Star Games,86,10.499999999999993,2.9799999999999986,2.5299999999999985,1.2200000000000006,17.310000000000006
32,Hudson Soft,81,2.55,0.9400000000000004,19.21000000000002,0.32000000000000006,23.01000000000002
33,Banpresto,73,0.41000000000000003,0.2,16.44000000000001,0.3600000000000001,17.400000000000013
34,Bethesda Softworks,71,39.71999999999999,30.730000000000008,1.4500000000000002,10.159999999999993,82.14000000000003
35,Crave Entertainment,71,6.91,1.8700000000000008,0.44999999999999996,0.6700000000000004,9.930000000000003
36,Atlus,67,4.199999999999998,1.1000000000000005,6.729999999999995,0.7700000000000004,12.739999999999995
37,Virgin Interactive,62,18.99,12.93999999999999,8.940000000000001,3.0299999999999963,43.87000000000001
38,Infogrames,62,10.499999999999995,4.599999999999993,0.38000000000000006,0.8500000000000003,16.340000000000003
39,Ignition Entertainment,61,4.029999999999998,1.3600000000000005,0.6800000000000002,0.5900000000000003,6.819999999999998
40,5pb,61,0.02,0.0,1.610000000000001,0.0,1.630000000000001
41,Focus Home Interactive,58,1.7200000000000002,4.689999999999994,0.04,1.0400000000000005,7.509999999999995
42,Marvelous Interactive,56,1.6100000000000003,0.17,2.2199999999999993,0.18000000000000002,4.1699999999999955
43,Empire Interactive,52,6.029999999999997,3.7699999999999965,0.42,1.1200000000000006,11.289999999999996
44,SquareSoft,52,11.059999999999997,4.950000000000001,40.13,1.5400000000000005,57.65
45,Kadokawa Shoten,50,0.46,0.31,2.929999999999999,0.06999999999999999,3.769999999999998
46,Destineer,45,4.059999999999997,0.05,0.0,0.2600000000000001,4.359999999999996
47,GT Interactive,45,15.570000000000007,8.489999999999993,0.02,1.1400000000000006,25.229999999999993
48,DTP Entertainment,45,1.6200000000000006,1.4300000000000006,0.02,0.4900000000000002,3.589999999999997
49,Alchemist,43,0.59,0.46,1.4200000000000008,0.15,2.629999999999998
50,MTV Games,41,14.980000000000002,4.009999999999999,0.01,2.0300000000000002,20.97
51,Global Star,39,5.249999999999997,1.7100000000000006,0.0,0.6300000000000001,7.649999999999998
52,PQube,39,1.9100000000000008,0.9200000000000004,1.0500000000000003,0.40000000000000013,4.269999999999999
53,Spike,37,3.3200000000000003,0.33000000000000007,2.12,0.3700000000000001,6.1499999999999995
54,SouthPeak Games,37,4.769999999999998,0.9100000000000003,0.07,0.5600000000000002,6.349999999999995
55,Takara Tomy,37,0.76,0.03,1.8500000000000005,0.08,2.6999999999999997
56,TDK Mediactive,36,5.409999999999998,2.4199999999999986,0.0,0.4500000000000001,8.309999999999999
57,3DO,36,6.479999999999996,3.0399999999999987,0.0,0.6300000000000002,10.120000000000001
58,BAM! Entertainment,35,3.1599999999999984,1.4500000000000004,0.03,0.23999999999999996,4.949999999999999
59,Nordic Games,35,0.7600000000000003,3.1799999999999975,0.0,0.5100000000000001,4.439999999999997
60,Black Bean Games,34,1.2800000000000002,1.5600000000000005,0.01,0.41000000000000014,3.289999999999998
61,Zoo Games,33,4.519999999999998,0.0,0.0,0.2700000000000001,4.820000000000001
62,Mindscape,32,4.639999999999999,2.509999999999999,0.0,0.55,7.739999999999999
63,Game Factory,32,3.3099999999999974,0.2,0.0,0.2300000000000001,3.7899999999999983
64,Psygnosis,32,3.629999999999998,2.4799999999999978,0.72,0.4500000000000002,7.27
65,Interplay,30,3.859999999999999,2.269999999999999,0.01,0.4800000000000002,6.659999999999999
66,Enix Corporation,30,0.7600000000000002,0.31000000000000005,32.399999999999984,0.26999999999999996,33.739999999999974
67,Kalypso Media,29,1.0000000000000002,1.0600000000000003,0.09,0.25000000000000006,2.449999999999999
68,Activision Value,29,5.529999999999999,0.8800000000000001,0.0,0.5700000000000002,6.959999999999997
69,Level 5,27,0.2,0.27,11.65,0.04,12.170000000000002
70,FuRyu,27,0.11,0.02,1.1700000000000006,0.01,1.3200000000000007
71,Prototype,27,0.0,0.0,0.6100000000000003,0.0,0.6100000000000003
72,Arc System Works,26,0.7800000000000002,0.0,0.5700000000000003,0.11999999999999998,1.4800000000000004
73,Avanquest,26,1.1200000000000003,1.6200000000000006,0.0,0.25000000000000006,2.9999999999999996
74,Little Orbit,26,0.5300000000000001,1.3100000000000003,0.0,0.16000000000000003,2.0400000000000005
75,Telltale Games,25,1.2800000000000002,1.0000000000000002,0.03,0.3900000000000001,2.719999999999999
76,Midas Interactive Entertainment,24,1.3400000000000003,0.9700000000000002,0.15,0.26,2.7199999999999993
77,Paradox Interactive,23,0.05,0.5700000000000003,0.0,0.08,0.7600000000000003
78,Jaleco,23,0.7900000000000003,0.42000000000000015,0.6400000000000001,0.09999999999999999,1.9400000000000006
79,Aqua Plus,23,0.05,0.0,1.1900000000000004,0.02,1.2500000000000004
80,Universal Interactive,23,9.08,6.730000000000002,0.24,1.7500000000000004,17.770000000000003
81,JoWood Productions,22,0.8700000000000001,0.4800000000000001,0.01,0.14,1.4900000000000004
82,Broccoli,22,0.0,0.0,0.9600000000000002,0.0,0.9600000000000002
83,Oxygen Interactive,22,2.0100000000000007,1.04,0.0,0.3600000000000001,3.4599999999999986
84,SNK,22,0.04,0.03,2.4799999999999995,0.04,2.5899999999999994
85,Kemco,21,1.6100000000000005,0.4900000000000001,0.05,0.04,2.219999999999999
86,ASCII Entertainment,20,0.7000000000000002,0.44,9.4,0.3600000000000001,10.889999999999999
87,Compile Heart,20,0.5,0.03,0.7700000000000002,0.07,1.3700000000000003
88,Success,19,1.1200000000000003,0.49,0.22000000000000003,0.09,1.9600000000000004
89,City Interactive,19,1.7000000000000006,2.2699999999999987,0.07,0.5300000000000001,4.610000000000001
90,Titus,19,1.9600000000000006,1.0800000000000003,0.07,0.2,3.319999999999999
91,Storm City Games,19,1.3500000000000003,0.1,0.0,0.07999999999999999,1.5600000000000005
92,Taito,19,0.41,0.09,2.139999999999999,0.19000000000000003,2.8399999999999985
93,SNK Playmore,18,0.22999999999999998,0.14,0.56,0.03,0.9600000000000004
94,Tomy Corporation,18,1.8400000000000003,0.7500000000000002,2.12,0.25,4.970000000000001
95,ChunSoft,18,0.37,0.0,3.609999999999999,0.09,4.0699999999999985
96,Zushi Games,18,1.6700000000000006,0.05,0.01,0.10999999999999999,1.8900000000000006
97,Koch Media,17,2.31,1.6000000000000003,0.0,0.8200000000000003,4.709999999999999
98,Natsume,17,2.5199999999999996,0.6600000000000001,0.32,0.20000000000000004,3.6899999999999995
99,Rocket Company,17,0.0,0.0,1.8200000000000005,0.0,1.8200000000000005
100,O-Games,17,0.44000000000000017,0.54,0.0,0.11999999999999998,1.0800000000000003
101,SCi,17,2.0100000000000002,1.2300000000000002,0.0,0.26,3.52
102,DreamCatcher Interactive,17,0.7500000000000002,0.13999999999999999,0.0,0.07,0.9500000000000002
103,UFO Interactive,16,0.9200000000000004,0.0,0.0,0.04,0.9600000000000002
104,GSP,16,1.1600000000000001,2.1599999999999993,0.0,0.3700000000000001,3.6899999999999995
105,Hasbro Interactive,16,10.990000000000004,3.58,0.0,0.6400000000000001,15.219999999999999
106,Imagineer,16,0.09000000000000001,0.03,2.5299999999999994,0.0,2.649999999999999
107,Mastiff,16,2.0399999999999996,0.05,0.0,0.14,2.23
108,Milestone S.r.l.,16,0.23,0.7800000000000002,0.09999999999999999,0.16000000000000003,1.2800000000000002
109,Takara,16,0.16,0.06,3.1399999999999997,0.08,3.4500000000000006
110,Falcom Corporation,16,0.28,0.0,0.9100000000000004,0.03,1.2100000000000004
111,Enterbrain,15,0.12,0.1,1.9400000000000004,0.07,2.2299999999999995
112,From Software,15,0.3500000000000001,0.21000000000000002,0.9900000000000002,0.09999999999999998,1.6300000000000006
113,Sony Computer Entertainment Europe,15,8.959999999999997,9.000000000000002,2.5,3.42,23.890000000000008
114,Kadokawa Games,15,0.0,0.0,0.5800000000000002,0.0,0.5800000000000002
115,PopCap Games,15,1.1,0.33999999999999997,0.0,0.11999999999999997,1.5700000000000003
116,Ghostlight,15,1.2200000000000004,0.4600000000000001,0.8900000000000001,0.22000000000000003,2.79
117,Play It,14,2.53,1.2300000000000002,0.0,0.5500000000000002,4.31
118,Conspiracy Entertainment,14,0.63,0.14,0.0,0.04,0.8400000000000003
119,Ocean,14,2.0599999999999996,1.0,0.42000000000000004,0.10999999999999999,3.6100000000000003
120,989 Studios,14,9.230000000000002,3.3,0.1,0.6700000000000002,13.32
121,Playlogic Game Factory,14,0.9400000000000004,0.16000000000000003,0.0,0.10999999999999999,1.2000000000000002
122,Quinrose,14,0.0,0.0,0.22000000000000008,0.0,0.22000000000000008
123,Ubisoft Annecy,14,1.2700000000000005,0.66,2.2800000000000002,0.27,4.460000000000001
124,CyberFront,14,0.01,0.0,0.26,0.0,0.27
125,System 3 Arcade Software,14,0.9600000000000001,0.6300000000000001,0.0,0.2,1.8000000000000005
126,Rondomedia,14,1.1700000000000002,1.1300000000000001,0.0,0.26,2.5799999999999996
127,Human Entertainment,13,0.06,0.04,2.8200000000000007,0.09999999999999999,3.0
128,Nobilis,13,1.61,0.18000000000000002,0.02,0.14,1.9400000000000004
129,Acquire,13,0.14,0.0,0.9100000000000001,0.03,1.07
130,GungHo,13,0.8400000000000001,0.02,2.1799999999999997,0.10999999999999999,3.15
131,Bigben Interactive,13,0.1,0.62,0.0,0.12999999999999998,0.8400000000000001
132,Gust,13,0.15000000000000002,0.05,0.8400000000000001,0.05,1.1
133,Mastertronic,13,1.07,0.5000000000000001,0.0,0.12999999999999998,1.7300000000000004
134,Mattel Interactive,12,3.0500000000000007,0.37000000000000005,0.0,0.05,3.51
135,Marvelous Entertainment,12,0.8,0.22,1.17,0.15000000000000002,2.329999999999999
136,"Destination Software, Inc",12,0.7500000000000002,0.08,0.0,0.03,0.8800000000000001
137,XS Games,12,1.1800000000000002,0.17000000000000004,0.0,0.11000000000000001,1.4600000000000002
138,Irem Software Engineering,12,0.12,0.01,0.31000000000000005,0.01,0.4600000000000001
139,Metro 3D,12,0.7700000000000002,0.47,0.42000000000000004,0.15000000000000002,1.8400000000000005
140,Yeti,11,0.0,0.0,0.24000000000000002,0.0,0.24000000000000002
141,Sammy Corporation,11,0.41,0.31000000000000005,1.91,0.1,2.7300000000000004
142,Hudson Entertainment,11,0.33,0.05,1.21,0.09999999999999999,1.6900000000000004
143,Scholastic Inc.,10,2.67,0.03,0.0,0.18000000000000005,2.9099999999999997
144,Xplosiv,10,0.6100000000000001,0.86,0.0,0.17,1.64
145,Cave,10,0.14,0.0,0.18000000000000002,0.01,0.33000000000000007
146,Sunsoft,10,0.5,0.25,0.16999999999999998,0.04,0.9500000000000002
147,Microids,10,0.23,0.14,0.0,0.01,0.40000000000000013
148,Starfish,10,0.38999999999999996,0.19000000000000003,0.1,0.03,0.7200000000000002
149,Ackkstudios,10,0.13,0.04,0.6600000000000001,0.01,0.8400000000000003
150,Brash Entertainment,10,0.8900000000000001,0.21,0.0,0.10999999999999999,1.2300000000000002
151,Popcorn Arcade,10,0.45,0.0,0.0,0.01,0.49
152,Sting,9,0.39999999999999997,0.07,0.15000000000000002,0.03,0.65
153,Avanquest Software,9,0.9500000000000001,0.5300000000000001,0.03,0.17,1.6900000000000002
154,NewKidCo,9,0.8900000000000001,0.38,0.0,0.04,1.33
155,ASCII Media Works,9,0.0,0.0,0.27,0.0,0.27
156,Gremlin Interactive Ltd,9,0.6599999999999999,0.37000000000000005,0.0,0.05,1.1
157,ArtDink,9,0.06999999999999999,0.05,0.59,0.04,0.7300000000000002
158,Foreign Media Games,9,0.27,0.30000000000000004,0.0,0.05,0.6300000000000001
159,Victor Interactive,9,0.11,0.08,0.6799999999999999,0.02,0.8900000000000001
160,Gathering of Developers,9,0.61,0.4700000000000001,0.0,0.12000000000000001,1.1900000000000002
161,MTO,8,0.0,0.0,0.39,0.01,0.4
162,Fox Interactive,8,3.7600000000000002,3.1900000000000004,0.0,0.43000000000000005,7.390000000000001
163,Aspyr,8,0.5499999999999999,0.04,0.0,0.05,0.62
164,Aksys Games,8,0.19,0.01,0.18000000000000002,0.05,0.43999999999999995
165,Telegames,8,0.9099999999999999,0.060000000000000005,0.0,0.060000000000000005,1.0299999999999998
166,Agetec,8,0.7800000000000002,0.5800000000000001,0.38,0.19000000000000003,1.9400000000000002
167,Genki,8,0.48999999999999994,0.35000000000000003,0.52,0.11,1.4600000000000002
168,Asgard,8,0.0,0.0,0.25,0.0,0.25
169,JVC,8,2.2499999999999996,0.3400000000000001,0.12,0.07,2.8
170,Evolved Games,8,0.26,0.04,0.0,0.03,0.32000000000000006
171,Valcon Games,8,0.31000000000000005,0.08,0.0,0.03,0.45000000000000007
172,Tru Blu Entertainment,8,0.01,0.25,0.0,0.02,0.28
173,RTL,8,0.8300000000000001,0.9800000000000002,0.0,0.20000000000000004,2.0
174,NEC Interchannel,8,0.0,0.0,0.78,0.0,0.78
175,GameMill Entertainment,8,1.2800000000000002,0.04,0.0,0.09,1.3800000000000001
176,Sony Online Entertainment,8,1.96,1.1500000000000001,0.0,0.4,3.5300000000000002
177,Neko Entertainment,7,0.2,0.07999999999999999,0.0,0.02,0.31000000000000005
178,Nippon Columbia,7,0.0,0.0,0.9500000000000002,0.0,0.9500000000000002
179,Big Ben Interactive,7,0.7800000000000001,0.13,0.0,0.07,1.0
180,Parker Bros.,7,4.65,0.26999999999999996,0.0,0.05,4.97
181,BMG Interactive Entertainment,7,0.6700000000000002,0.44,0.0,0.07,1.1800000000000002
182,Epoch,7,0.0,0.0,0.99,0.06,1.05
183,Rage Software,7,0.81,0.47000000000000003,0.0,0.13,1.4200000000000004
184,Hackberry,7,0.0,0.0,0.31,0.0,0.31
185,Gotham Games,7,2.27,1.2400000000000002,0.0,0.22000000000000003,3.7199999999999998
186,Nihon Falcom Corporation,7,0.15,0.01,0.5800000000000001,0.04,0.77
187,Reef Entertainment,7,0.17,0.13,0.0,0.03,0.3400000000000001
188,LEGO Media,7,1.01,0.5,0.0,0.05,1.5599999999999998
189,CDV Software Entertainment,6,0.11,0.060000000000000005,0.0,0.01,0.2
190,Funbox Media,6,0.71,0.12999999999999998,0.0,0.060000000000000005,0.9100000000000001
191,Seta Corporation,6,0.0,0.0,0.5900000000000001,0.04,0.6300000000000001
192,Alternative Software,6,0.0,0.18,0.0,0.03,0.2
193,NCSoft,6,1.05,1.1900000000000002,0.0,0.33,2.5899999999999994
194,Comfort,6,0.0,0.0,0.15000000000000002,0.0,0.15000000000000002
195,Kaga Create,6,0.0,0.0,0.14,0.0,0.14
196,Russel,6,0.0,1.12,0.09,0.0,1.2100000000000002
197,Paon,6,0.0,0.0,0.25,0.0,0.25
198,Avalon Interactive,6,0.33999999999999997,0.12,0.0,0.03,0.48
199,Astragon,6,0.24000000000000002,0.32,0.0,0.060000000000000005,0.6400000000000001
200,Swing! Entertainment,6,0.28,0.16,0.0,0.04,0.48
201,Compile,6,0.0,0.0,2.3499999999999996,0.1,2.4599999999999995
202,Screenlife,6,0.22,0.01,0.6599999999999999,0.03,0.9199999999999999
203,Benesse,6,0.01,0.0,0.32,0.0,0.33
204,Square,6,0.53,0.29000000000000004,2.5999999999999996,0.23,3.64
205,Graffiti,6,0.36,0.0,0.0,0.01,0.37999999999999995
206,Microprose,6,0.7000000000000001,1.1900000000000002,0.0,0.16,2.02
207,Blast! Entertainment Ltd,6,0.22999999999999995,0.11,0.0,0.03,0.38000000000000006
208,Mumbo Jumbo,6,0.53,0.0,0.0,0.04,0.5800000000000001
209,Idea Factory International,6,0.23,0.08,0.2,0.09000000000000001,0.6100000000000001
210,DSI Games,6,0.29000000000000004,0.04,0.0,0.01,0.35000000000000003
211,Asylum Entertainment,6,0.09,0.43000000000000005,0.0,0.060000000000000005,0.5900000000000001
212,Time Warner Interactive,5,0.18,0.12,0.0,0.03,0.35
213,Mojang,5,1.25,1.3,0.0,0.36,2.89
214,Hip Interactive,5,0.26,0.08999999999999998,0.0,0.0,0.36
215,20th Century Fox Video Games,5,1.82,0.09999999999999999,0.0,0.01,1.9400000000000002
216,dramatic create,5,0.0,0.0,0.11,0.0,0.11
217,Nordcurrent,5,0.39,0.14,0.0,0.05,0.5900000000000001
218,Mentor Interactive,5,0.99,0.0,0.0,0.07,1.07
219,TDK Core,5,0.24000000000000002,0.12000000000000001,0.25,0.01,0.6200000000000001
220,Media Works,5,0.0,0.0,0.18,0.0,0.18
221,AQ Interactive,5,0.34,0.060000000000000005,0.11,0.05,0.53
222,Wanadoo,5,0.30000000000000004,0.21,0.06,0.07,0.6500000000000001
223,Shogakukan,5,0.0,0.0,0.44000000000000006,0.0,0.44000000000000006
224,Pinnacle,5,0.0,1.32,0.0,0.09999999999999999,1.4200000000000002
225,ESP,5,0.03,0.02,0.54,0.0,0.5900000000000001
226,Coleco,5,2.87,0.16999999999999998,0.0,0.03,3.0599999999999996
227,Happinet,5,0.0,0.0,0.18000000000000002,0.0,0.18000000000000002
228,Home Entertainment Suppliers,5,0.09,0.49000000000000005,0.0,0.12,0.7100000000000002
229,Tommo,5,0.19999999999999998,0.0,0.0,0.0,0.21
230,The Adventure Company,5,0.34,0.13,0.0,0.05,0.51
231,IE Institute,5,0.0,0.0,0.9600000000000002,0.0,0.9600000000000002
232,Crystal Dynamics,5,0.95,0.6500000000000001,0.0,0.11999999999999998,1.71
233,bitComposer Games,5,0.16,0.2,0.0,0.07999999999999999,0.41000000000000003
234,KID,4,0.0,0.0,0.08,0.0,0.08
235,Excalibur Publishing,4,0.0,0.24,0.0,0.04,0.28
236,RedOctane,4,6.44,1.31,0.03,0.91,8.68
237,PlayV,4,0.1,0.30000000000000004,0.0,0.05,0.44
238,Knowledge Adventure,4,1.23,0.16,0.0,0.06999999999999999,1.47
239,Trion Worlds,4,0.7200000000000001,0.3,0.0,0.11,1.15
240,ValuSoft,4,0.26,0.09,0.0,0.04,0.39
241,Pioneer LDC,4,0.23,0.16,0.32,0.04,0.74
242,Phenomedia,4,0.16,0.0,0.0,0.0,0.19
243,LSP Games,4,0.08,0.04,0.0,0.01,0.12
244,Laguna,4,0.16,0.04,1.34,0.01,1.55
245,7G//AMES,4,0.0,0.060000000000000005,0.0,0.0,0.08
246,Funsta,4,0.13,0.05,0.0,0.01,0.2
247,Culture Brain,4,0.0,0.0,0.27,0.0,0.27
248,U.S. Gold,4,0.19,0.13,0.0,0.02,0.33
249,Interchannel,4,0.0,0.0,0.1,0.0,0.1
250,Slitherine Software,4,0.08,0.09999999999999999,0.0,0.03,0.21
251,System Soft,4,0.0,0.0,0.05,0.0,0.05
252,Daito,4,0.0,0.0,0.22999999999999998,0.0,0.22999999999999998
253,Mercury Games,4,0.17,0.0,0.02,0.02,0.21
254,TGL,4,0.0,0.0,0.09999999999999999,0.0,0.09999999999999999
255,Encore,4,0.04,0.03,0.0,0.0,0.07
256,Imagic,4,4.51,0.27,0.0,0.04,4.82
257,Xseed Games,4,0.41,0.04,0.36999999999999994,0.06999999999999999,0.9
258,Gamecock,4,0.16,0.02,0.0,0.0,0.19999999999999998
259,Touchstone,4,0.8800000000000001,0.5,0.02,0.19,1.5800000000000003
260,Video System,4,0.6699999999999999,1.04,0.37,0.09,2.18
261,Global A Entertainment,4,0.13,0.0,0.01,0.01,0.15000000000000002
262,Sunrise Interactive,4,0.0,0.0,0.16999999999999998,0.0,0.16999999999999998
263,TopWare Interactive,4,0.0,0.1,0.0,0.02,0.12
264,Licensed 4U,3,0.0,0.06,0.0,0.0,0.07
265,Maxis,3,1.88,1.32,0.0,0.19,3.39
266,Telstar,3,0.16,0.1,0.0,0.02,0.27
267,MC2 Entertainment,3,0.03,0.03,0.0,0.0,0.08
268,Jorudan,3,0.0,0.0,0.9299999999999999,0.02,0.95
269,Mad Catz,3,0.24,0.05,0.0,0.02,0.30000000000000004
270,Hect,3,0.0,0.0,0.5,0.0,0.5
271,Asmik Ace Entertainment,3,0.0,0.0,0.22,0.01,0.23
272,Angel Studios,3,0.0,0.0,0.43999999999999995,0.0,0.43999999999999995
273,Micro Cabin,3,0.0,0.0,0.19999999999999998,0.0,0.19999999999999998
274,Yacht Club Games,3,0.16,0.11,0.01,0.03,0.32
275,1C Company,3,0.01,0.06999999999999999,0.0,0.02,0.09999999999999999
276,NovaLogic,3,0.48,0.24000000000000002,0.0,0.06999999999999999,0.8200000000000001
277,Indie Games,3,0.09,0.07,0.14,0.02,0.32
278,Iceberg Interactive,3,0.02,0.05,0.0,0.0,0.08
279,Creative Core,3,0.0,0.0,0.09999999999999999,0.0,0.09999999999999999
280,Myelin Media,3,0.09000000000000001,0.04,0.0,0.01,0.13
281,10TACLE Studios,3,0.06999999999999999,0.04,0.0,0.0,0.11
282,ASC Games,3,1.1199999999999999,0.77,0.0,0.13,2.02
283,Daedalic Entertainment,3,0.0,0.11,0.0,0.01,0.14
284,Minato Station,3,0.0,0.0,0.05,0.0,0.05
285,Agatsuma Entertainment,3,0.22,0.02,0.06,0.01,0.31000000000000005
286,Princess Soft,3,0.0,0.0,0.07,0.0,0.07
287,Accolade,3,1.2500000000000002,0.34,0.0,0.07,1.68
288,Tivola,3,0.08,0.07,0.0,0.02,0.17
289,DHM Interactive,3,0.16,0.0,0.0,0.01,0.18
290,O3 Entertainment,3,0.19,0.02,0.0,0.01,0.22
291,Sony Computer Entertainment America,3,1.04,0.0,0.0,0.13,1.1800000000000002
292,Valve Software,3,1.74,1.1500000000000001,0.01,0.32,3.2300000000000004
293,Data Design Interactive,3,0.25,0.01,0.0,0.02,0.29000000000000004
294,Xicat Interactive,3,0.09000000000000001,0.060000000000000005,0.0,0.01,0.17
295,Vir2L Studios,3,0.22,0.01,0.0,0.01,0.26
296,Daedalic,3,0.0,0.24,0.0,0.060000000000000005,0.28
297,Jack of All Games,3,0.31000000000000005,0.1,0.0,0.01,0.42000000000000004
298,Essential Games,3,0.01,0.0,0.22,0.0,0.23
299,Tigervision,3,1.33,0.09000000000000001,0.0,0.01,1.42
300,Yuke's,3,0.01,0.01,0.05,0.0,0.08
301,Slightly Mad Studios,3,0.25,0.9199999999999999,0.02,0.18,1.3800000000000001
302,P2 Games,3,0.02,0.33,0.0,0.04,0.4
303,Arika,3,0.04,0.03,0.02,0.01,0.09000000000000001
304,NCS,3,0.0,0.0,0.4,0.0,0.4
305,Aruze Corp,3,0.0,0.0,1.09,0.08,1.1800000000000002
306,Ascaron Entertainment GmbH,3,0.0,0.09,0.0,0.02,0.11
307,Jester Interactive,3,0.7,0.29000000000000004,0.0,0.14,1.15
308,Tradewest,3,0.02,0.060000000000000005,0.0,0.01,0.11
309,System 3,3,0.08,0.1,0.0,0.03,0.22000000000000003
310,Insomniac Games,3,0.1,0.0,0.0,0.01,0.12000000000000001
311,Experience Inc.,3,0.0,0.0,0.060000000000000005,0.0,0.060000000000000005
312,Focus Multimedia,3,0.0,0.05,0.0,0.0,0.05
313,Mud Duck Productions,3,0.52,0.25,0.0,0.060000000000000005,0.85
314,NEC,3,0.0,0.0,0.43000000000000005,0.0,0.43000000000000005
315,Red Storm Entertainment,3,1.4300000000000002,0.8,0.0,0.09,2.32
316,Media Rings,3,0.14,0.05,0.45999999999999996,0.0,0.65
317,GN Software,3,0.0,0.0,0.05,0.0,0.05
318,Hamster Corporation,2,0.16,0.11,0.02,0.02,0.30000000000000004
319,Rebellion Developments,2,0.08,0.16999999999999998,0.0,0.04,0.30000000000000004
320,Liquid Games,2,0.19,0.07,0.0,0.0,0.27
321,Lexicon Entertainment,2,0.04,0.0,0.0,0.0,0.05
322,Asmik Corp,2,0.0,0.0,0.17,0.0,0.17
323,Nitroplus,2,0.0,0.0,0.02,0.0,0.02
324,Edia,2,0.0,0.0,0.09000000000000001,0.0,0.09000000000000001
325,Sonnet,2,0.0,0.0,0.06,0.0,0.06
326,Gamebridge,2,0.3,0.13,0.24,0.06,0.73
327,Gakken,2,0.0,0.0,0.04,0.0,0.04
328,Flight-Plan,2,0.0,0.0,0.12,0.0,0.12
329,Data East,2,0.0,0.0,0.15,0.0,0.15
330,Athena,2,0.02,0.0,0.07,0.0,0.09000000000000001
331,Office Create,2,0.0,0.0,0.06,0.0,0.06
332,Alawar Entertainment,2,0.0,0.04,0.0,0.01,0.05
333,Aerosoft,2,0.01,0.02,0.0,0.0,0.03
334,Performance Designed Products,2,0.33999999999999997,0.0,0.0,0.02,0.36
335,CTO SpA,2,0.5,0.34,0.0,0.06,0.9
336,Misawa,2,0.0,0.0,0.07,0.0,0.07
337,Blue Byte,2,0.0,0.03,0.0,0.0,0.03
338,Virtual Play Games,2,0.06,0.0,0.0,0.0,0.06
339,Alvion,2,0.0,0.0,0.04,0.0,0.04
340,Red Orb,2,1.54,3.61,0.0,0.1,5.24
341,Big Fish Games,2,0.0,0.04,0.0,0.0,0.05
342,Vic Tokai,2,0.19,0.08,0.0,0.01,0.27
343,Mamba Games,2,0.0,0.04,0.0,0.01,0.05
344,Magix,2,0.16999999999999998,0.13,0.0,0.04,0.35
345,responDESIGN,2,0.09000000000000001,0.04,0.0,0.01,0.13
346,Yamasa Entertainment,2,0.0,0.0,0.04,0.0,0.04
347,Groove Games,2,0.07,0.02,0.0,0.0,0.09
348,Nippon Telenet,2,0.0,0.0,0.26,0.0,0.26
349,Harmonix Music Systems,2,0.6,0.09,0.0,0.11000000000000001,0.8
350,imageepoch Inc.,2,0.0,0.0,0.04,0.0,0.04
351,Moss,2,0.1,0.0,0.02,0.01,0.13
352,Cloud Imperium Games Corporation,2,0.08,0.0,0.0,0.0,0.08
353,Dusenberry Martin Racing,2,0.05,0.0,0.0,0.01,0.05
354,Revolution Software,2,0.0,0.06999999999999999,0.0,0.01,0.06999999999999999
355,BPS,2,0.0,0.0,0.52,0.0,0.52
356,Flashpoint Games,2,0.07,0.01,0.0,0.0,0.08
357,Gainax Network Systems,2,0.0,0.0,0.16,0.01,0.16
358,Zenrin,2,0.0,0.0,0.06,0.0,0.06
359,Data Age,2,0.6599999999999999,0.04,0.0,0.0,0.71
360,Dorart,2,0.0,0.0,0.03,0.0,0.03
361,NetRevo,2,0.0,0.0,0.03,0.0,0.03
362,HMH Interactive,2,0.0,0.11,0.0,0.02,0.14
363,Pack-In-Video,2,0.0,0.0,0.11,0.0,0.11
364,Electronic Arts Victor,2,0.22999999999999998,0.16999999999999998,0.0,0.03,0.42
365,Crimson Cow,2,0.0,0.060000000000000005,0.0,0.01,0.08
366,Vatical Entertainment,2,0.14,0.06999999999999999,0.0,0.01,0.22
367,Funcom,2,0.07,0.1,0.0,0.02,0.2
368,G.Rev,2,0.0,0.0,0.04,0.0,0.04
369,HuneX,2,0.0,0.0,0.03,0.0,0.03
370,Game Life,2,0.13,0.13,0.0,0.03,0.30000000000000004
371,Sweets,2,0.0,0.0,0.05,0.0,0.05
372,Milestone S.r.l,2,0.0,0.05,0.0,0.01,0.05
373,Core Design Ltd.,2,0.16,0.11000000000000001,0.0,0.02,0.29000000000000004
374,Syscom,2,0.06,0.04,0.15,0.02,0.27
375,Easy Interactive,2,0.0,0.03,0.0,0.0,0.05
376,Views,2,0.0,0.0,0.03,0.0,0.03
377,Coconuts Japan,2,0.01,0.01,0.05,0.0,0.07
378,Devolver Digital,2,0.0,0.04,0.0,0.0,0.04
379,Datam Polystar,2,0.0,0.0,0.03,0.0,0.03
380,Arena Entertainment,2,3.7,0.88,0.0,0.14,4.72
381,Elf,2,0.0,0.0,0.64,0.0,0.64
382,Rebellion,2,0.35000000000000003,0.13,0.0,0.01,0.49
383,Media Factory,2,0.0,0.0,0.29000000000000004,0.0,0.29000000000000004
384,Paradox Development,1,0.0,0.01,0.0,0.0,0.01
385,Codemasters Online,1,0.0,0.02,0.0,0.0,0.02
386,Interchannel-Holon,1,0.0,0.0,0.01,0.0,0.01
387,Societa,1,0.0,0.0,0.04,0.0,0.04
388,Michaelsoft,1,0.0,0.0,0.01,0.0,0.01
389,Palcom,1,3.38,0.44,0.31,0.04,4.17
390,Black Label Games,1,0.59,0.46,0.0,0.15,1.2
391,Mirai Shounen,1,0.0,0.0,0.02,0.0,0.02
392,Pacific Century Cyber Works,1,0.11,0.09,0.03,0.03,0.26
393,CokeM Interactive,1,0.29,0.0,0.0,0.02,0.31
394,Piacci,1,0.0,0.0,0.01,0.0,0.01
395,Riverhillsoft,1,0.0,0.0,0.04,0.0,0.04
396,Nippon Amuse,1,0.0,0.0,0.09,0.0,0.09
397,SSI,1,0.11,0.07,0.0,0.01,0.19
398,Altron,1,0.05,0.02,0.0,0.0,0.07
399,Men-A-Vision,1,0.72,0.04,0.0,0.01,0.77
400,Commseed,1,0.0,0.0,0.01,0.0,0.01
401,GameTek,1,0.08,0.02,0.0,0.0,0.1
402,Cygames,1,0.0,0.0,0.03,0.0,0.03
403,FuRyu Corporation,1,0.02,0.0,0.0,0.01,0.03
404,Marvel Entertainment,1,0.0,0.0,0.05,0.0,0.05
405,inXile Entertainment,1,0.02,0.06,0.0,0.01,0.1
406,Simon & Schuster Interactive,1,0.08,0.02,0.0,0.0,0.11
407,Imageworks,1,0.0,0.0,0.02,0.0,0.02
408,Extreme Entertainment Group,1,0.02,0.0,0.01,0.0,0.03
409,Havas Interactive,1,0.01,0.09,0.0,0.02,0.13
410,MLB.com,1,0.04,0.0,0.0,0.0,0.04
411,Ecole,1,0.0,0.0,0.06,0.0,0.06
412,TYO,1,0.23,0.16,0.0,0.03,0.42
413,Kamui,1,0.0,0.0,0.03,0.0,0.03
414,Warp,1,0.0,0.0,0.07,0.0,0.07
415,Sears,1,0.2,0.01,0.0,0.0,0.21
416,Pony Canyon,1,0.03,0.02,0.0,0.0,0.05
417,Just Flight,1,0.0,0.03,0.0,0.01,0.03
418,FunSoft,1,0.07,0.05,0.0,0.01,0.12
419,Interplay Productions,1,0.05,0.04,0.0,0.01,0.1
420,Fuji,1,0.0,0.0,0.03,0.0,0.03
421,Kool Kizz,1,0.03,0.01,0.0,0.0,0.04
422,Culture Publishers,1,0.05,0.03,0.0,0.01,0.09
423,Sunflowers,1,0.0,0.02,0.0,0.01,0.03
424,Inti Creates,1,0.0,0.0,0.01,0.0,0.01
425,Aques,1,0.0,0.0,0.15,0.01,0.16
426,Image Epoch,1,0.0,0.0,0.1,0.0,0.1
427,WayForward Technologies,1,0.05,0.0,0.0,0.01,0.05
428,DigiCube,1,0.0,0.0,0.06,0.0,0.06
429,Tryfirst,1,0.0,0.0,0.03,0.0,0.03
430,Navarre Corp,1,0.04,0.0,0.0,0.0,0.05
431,Xing Entertainment,1,0.04,0.03,0.16,0.02,0.24
432,"mixi, Inc",1,0.0,0.0,0.86,0.0,0.86
433,General Entertainment,1,0.0,0.0,0.13,0.01,0.14
434,Gaga,1,0.0,0.0,0.02,0.0,0.02
435,Quelle,1,0.81,0.05,0.0,0.01,0.87
436,Aria,1,0.0,0.0,0.07,0.0,0.07
437,UIG Entertainment,1,0.0,0.01,0.0,0.0,0.01
438,Activision Blizzard,1,0.08,0.36,0.0,0.04,0.48
439,ITT Family Games,1,0.32,0.02,0.0,0.0,0.34
440,Glams,1,0.0,0.0,0.08,0.0,0.08
441,New,1,0.0,0.0,0.33,0.02,0.36
442,Quest,1,0.0,0.0,0.71,0.0,0.71
443,Mitsui,1,0.06,0.02,0.0,0.0,0.08
444,Bomb,1,0.21,0.01,0.0,0.0,0.22
445,GOA,1,0.0,0.02,0.0,0.0,0.02
446,Phantagram,1,0.03,0.01,0.01,0.0,0.05
447,Illusion Softworks,1,0.34,0.27,0.0,0.09,0.7
448,Ascaron Entertainment,1,0.0,0.01,0.0,0.0,0.01
449,Paon Corporation,1,0.0,0.0,0.03,0.0,0.03
450,Kokopeli Digital Studios,1,0.02,0.01,0.0,0.0,0.03
451,Giga,1,0.0,0.0,0.02,0.0,0.02
452,White Park Bay Software,1,0.13,0.01,0.0,0.01,0.16
453,Elite,1,0.04,0.03,0.0,0.0,0.07
454,Technos Japan Corporation,1,0.0,0.0,0.02,0.0,0.02
455,Fortyfive,1,0.0,0.0,0.06,0.0,0.06
456,Game Arts,1,0.0,0.0,0.14,0.0,0.14
457,SPS,1,0.07,0.04,0.0,0.01,0.12
458,Mycom,1,0.0,0.0,0.02,0.0,0.02
459,Hello Games,1,0.58,0.74,0.02,0.26,1.6
460,Abylight,1,0.07,0.0,0.0,0.01,0.08
461,King Records,1,0.0,0.0,0.02,0.0,0.02
462,Team17 Software,1,0.0,0.04,0.0,0.01,0.05
463,Intergrow,1,0.0,0.0,0.03,0.0,0.03
464,Takuyo,1,0.0,0.0,0.01,0.0,0.01
465,Starpath Corp.,1,0.3,0.02,0.0,0.0,0.33
466,Boost On,1,0.0,0.0,0.01,0.0,0.01
467,BushiRoad,1,0.0,0.0,0.03,0.0,0.03
468,Merscom LLC,1,0.0,0.17,0.0,0.03,0.2
469,EA Games,1,0.07,0.06,0.0,0.02,0.15
470,Lighthouse Interactive,1,0.0,0.01,0.0,0.0,0.02
471,Introversion Software,1,0.01,0.01,0.0,0.0,0.02
472,Berkeley,1,0.02,0.01,0.0,0.0,0.03
473,49Games,1,0.0,0.04,0.0,0.0,0.04
474,Otomate,1,0.0,0.0,0.01,0.0,0.01
475,PopTop Software,1,0.06,0.04,0.0,0.01,0.11
476,TOHO,1,0.0,0.0,0.11,0.0,0.11
477,CPG Products,1,0.5,0.03,0.0,0.01,0.54
478,UEP Systems,1,1.52,0.46,0.2,0.08,2.25
479,HAL Laboratory,1,0.06,0.0,0.0,0.0,0.06
480,Detn8 Games,1,0.21,0.0,0.0,0.02,0.23
481,Imax,1,0.0,0.0,0.06,0.0,0.06
482,Yumedia,1,0.0,0.0,0.06,0.0,0.06
483,Bohemia Interactive,1,0.0,0.1,0.0,0.02,0.12
484,T&E Soft,1,0.0,0.0,0.12,0.0,0.12
485,Nexon,1,0.0,0.0,0.03,0.0,0.03
486,Hearty Robin,1,0.0,0.0,0.08,0.01,0.09
487,Imadio,1,0.0,0.0,0.14,0.0,0.14
488,Enjoy Gaming ltd.,1,0.09,0.0,0.0,0.01,0.1
489,Media Entertainment,1,0.0,0.0,0.01,0.0,0.01
490,SCS Software,1,0.0,0.12,0.0,0.02,0.13
491,Adeline Software,1,0.1,0.07,0.0,0.01,0.17
492,Playmore,1,0.0,0.0,0.04,0.0,0.04
493,Headup Games,1,0.0,0.03,0.0,0.0,0.03
494,Sold Out,1,0.01,0.01,0.0,0.0,0.02
495,Milestone,1,0.08,0.0,0.0,0.0,0.08
496,PM Studios,1,0.09,0.0,0.0,0.01,0.1
497,Phantom EFX,1,0.09,0.0,0.0,0.01,0.09
498,Square EA,1,0.45,0.3,0.0,0.05,0.8
499,Pack In Soft,1,0.25,0.06,0.11,0.06,0.48
500,Masque Publishing,1,0.01,0.0,0.0,0.0,0.02
501,Maximum Family Games,1,0.03,0.0,0.0,0.0,0.03
502,RED Entertainment,1,0.0,0.0,0.02,0.0,0.02
503,ASK,1,0.0,0.0,0.03,0.0,0.03
504,Rain Games,1,0.0,0.01,0.0,0.0,0.01
505,Max Five,1,0.03,0.02,0.0,0.0,0.05
506,Wargaming.net,1,0.0,0.23,0.0,0.06,0.29
507,Ivolgamus,1,0.03,0.0,0.0,0.0,0.04
508,Gameloft,1,0.1,0.0,0.0,0.01,0.11
509,Sony Music Entertainment,1,0.0,0.0,0.14,0.0,0.14
510,NDA Productions,1,0.09,0.02,0.0,0.0,0.12
511,Locus,1,0.0,0.0,0.07,0.0,0.07
512,Tripwire Interactive,1,0.04,0.07,0.0,0.02,0.14
513,Tetris Online,1,0.2,0.13,0.06,0.03,0.43
514,Universal Gamex,1,0.58,0.04,0.0,0.01,0.63
515,2D Boy,1,0.0,0.03,0.0,0.01,0.04
516,Ertain,1,0.05,0.0,0.0,0.0,0.05
517,Grand Prix Games,1,0.0,0.0,0.06,0.0,0.06
518,Nichibutsu,1,0.0,0.0,0.28,0.0,0.28
519,MediaQuest,1,0.03,0.02,0.0,0.0,0.05
520,Giza10,1,0.0,0.0,0.02,0.0,0.02
521,Monte Christo Multimedia,1,0.0,0.04,0.0,0.01,0.05
522,EON Digital Entertainment,1,0.01,0.0,0.0,0.0,0.01
523,CCP,1,0.0,0.19,0.0,0.02,0.22
524,Summitsoft,1,0.03,0.01,0.0,0.0,0.04
525,Valve,1,0.83,0.63,0.02,0.25,1.74
526,Answer Software,1,0.46,0.03,0.0,0.01,0.5
527,Magical Company,1,0.15,0.1,0.12,0.03,0.41
528,Origin Systems,1,0.05,0.03,0.0,0.01,0.09
529,Strategy First,1,0.0,0.02,0.0,0.0,0.03
530,TechnoSoft,1,0.03,0.02,0.0,0.0,0.05
531,Revolution (Japan),1,0.0,0.0,0.02,0.0,0.02
532,989 Sports,1,0.21,0.14,0.0,0.02,0.38
533,Genterprise,1,0.0,0.0,0.01,0.0,0.01
534,Number None,1,0.0,0.02,0.0,0.01,0.03
535,CBS Electronics,1,0.29,0.02,0.0,0.0,0.31
536,Panther Software,1,0.02,0.02,0.12,0.01,0.17
537,Fields,1,0.0,0.0,0.03,0.0,0.03
538,Quintet,1,0.0,0.0,0.02,0.0,0.02
539,Pow,1,0.0,0.0,0.05,0.0,0.05
540,"Interworks Unlimited, Inc.",1,0.01,0.0,0.0,0.0,0.01
541,Vap,1,0.0,0.0,0.05,0.0,0.05
542,Warashi,1,0.0,0.0,0.02,0.0,0.02
543,The Learning Company,1,0.03,0.02,0.0,0.0,0.05
544,DreamWorks Interactive,1,0.07,0.05,0.0,0.01,0.13
545,Axela,1,0.0,0.0,0.24,0.02,0.25
546,Mystique,1,0.76,0.05,0.0,0.01,0.82
547,Wizard Video Games,1,0.58,0.03,0.0,0.01,0.62
548,Type-Moon,1,0.0,0.0,0.1,0.0,0.1
549,Naxat Soft,1,0.0,0.0,0.01,0.0,0.01
550,New World Computing,1,0.01,0.0,0.0,0.0,0.01
551,Ultravision,1,0.44,0.03,0.0,0.0,0.47
552,Ongakukan,1,0.0,0.0,0.01,0.0,0.01
553,Playmates,1,0.16,0.11,0.0,0.02,0.28
554,Saurus,1,0.01,0.01,0.0,0.0,0.02
555,Marvelous Games,1,0.0,0.0,0.02,0.0,0.02
556,Seventh Chord,1,0.0,0.0,0.08,0.0,0.08
557,iWin,1,0.0,0.05,0.0,0.01,0.06
558,Griffin International,1,0.08,0.0,0.0,0.01,0.09
559,TalonSoft,1,0.49,0.33,0.0,0.06,0.87
560,Graphsim Entertainment,1,0.0,0.02,0.0,0.0,0.02
561,Kids Station,1,0.0,0.0,0.03,0.0,0.03
562,Evolution Games,1,0.0,0.0,0.06,0.0,0.07
563,Phoenix Games,1,0.02,0.0,0.0,0.0,0.02
564,On Demand,1,0.12,0.08,0.0,0.01,0.21
565,Karin Entertainment,1,0.0,0.0,0.02,0.0,0.02
566,Stainless Games,1,0.01,0.01,0.0,0.0,0.01
567,Plenty,1,0.0,0.0,0.02,0.0,0.02
568,Kando Games,1,0.02,0.01,0.0,0.0,0.03
569,Her Interactive,1,0.03,0.0,0.0,0.0,0.03
570,Visco,1,0.02,0.0,0.0,0.0,0.02
571,Epic Games,1,0.01,0.0,0.0,0.0,0.01
572,fonfun,1,0.0,0.0,0.02,0.0,0.02
573,American Softworks,1,0.13,0.09,0.0,0.02,0.23
574,KSS,1,0.0,0.0,0.03,0.0,0.03
575,Legacy Interactive,1,0.04,0.0,0.0,0.0,0.04
576,id Software,1,0.02,0.0,0.0,0.0,0.03
577,Westwood Studios,1,1.55,0.0,0.0,0.0,1.55
